[
  {
    "name": "Process Start",
    "start": 1624862636628,
    "end": 1624862637351,
    "duration": 723,
    "pid": 9264,
    "index": 0
  },
  {
    "name": "Application Start",
    "start": 1624862637352,
    "end": 1624862637706,
    "duration": 354,
    "pid": 9264,
    "index": 1
  },
  {
    "name": "Load Plugin",
    "start": 1624862637354,
    "end": 1624862637365,
    "duration": 11,
    "pid": 9264,
    "index": 2
  },
  {
    "name": "Load Config",
    "start": 1624862637365,
    "end": 1624862637378,
    "duration": 13,
    "pid": 9264,
    "index": 3
  },
  {
    "name": "Require(0) config/config.default.js",
    "start": 1624862637366,
    "end": 1624862637366,
    "duration": 0,
    "pid": 9264,
    "index": 4
  },
  {
    "name": "Require(1) node_modules/_egg-session@3.3.0@egg-session/config/config.default.js",
    "start": 1624862637367,
    "end": 1624862637367,
    "duration": 0,
    "pid": 9264,
    "index": 5
  },
  {
    "name": "Require(2) node_modules/_egg-security@2.9.0@egg-security/config/config.default.js",
    "start": 1624862637367,
    "end": 1624862637368,
    "duration": 1,
    "pid": 9264,
    "index": 6
  },
  {
    "name": "Require(3) node_modules/_egg-jsonp@2.0.0@egg-jsonp/config/config.default.js",
    "start": 1624862637368,
    "end": 1624862637368,
    "duration": 0,
    "pid": 9264,
    "index": 7
  },
  {
    "name": "Require(4) node_modules/_egg-onerror@2.1.0@egg-onerror/config/config.default.js",
    "start": 1624862637369,
    "end": 1624862637369,
    "duration": 0,
    "pid": 9264,
    "index": 8
  },
  {
    "name": "Require(5) node_modules/_egg-i18n@2.1.1@egg-i18n/config/config.default.js",
    "start": 1624862637369,
    "end": 1624862637369,
    "duration": 0,
    "pid": 9264,
    "index": 9
  },
  {
    "name": "Require(6) node_modules/_egg-watcher@3.1.1@egg-watcher/config/config.default.js",
    "start": 1624862637370,
    "end": 1624862637370,
    "duration": 0,
    "pid": 9264,
    "index": 10
  },
  {
    "name": "Require(7) node_modules/_egg-schedule@3.6.6@egg-schedule/config/config.default.js",
    "start": 1624862637370,
    "end": 1624862637370,
    "duration": 0,
    "pid": 9264,
    "index": 11
  },
  {
    "name": "Require(8) node_modules/_egg-multipart@2.10.3@egg-multipart/config/config.default.js",
    "start": 1624862637371,
    "end": 1624862637371,
    "duration": 0,
    "pid": 9264,
    "index": 12
  },
  {
    "name": "Require(9) node_modules/_egg-development@2.7.0@egg-development/config/config.default.js",
    "start": 1624862637371,
    "end": 1624862637372,
    "duration": 1,
    "pid": 9264,
    "index": 13
  },
  {
    "name": "Require(10) node_modules/_egg-logrotator@3.1.0@egg-logrotator/config/config.default.js",
    "start": 1624862637372,
    "end": 1624862637372,
    "duration": 0,
    "pid": 9264,
    "index": 14
  },
  {
    "name": "Require(11) node_modules/_egg-static@2.2.0@egg-static/config/config.default.js",
    "start": 1624862637373,
    "end": 1624862637373,
    "duration": 0,
    "pid": 9264,
    "index": 15
  },
  {
    "name": "Require(12) node_modules/_egg-view@2.1.3@egg-view/config/config.default.js",
    "start": 1624862637373,
    "end": 1624862637373,
    "duration": 0,
    "pid": 9264,
    "index": 16
  },
  {
    "name": "Require(13) node_modules/_egg-mysql@3.0.0@egg-mysql/config/config.default.js",
    "start": 1624862637374,
    "end": 1624862637374,
    "duration": 0,
    "pid": 9264,
    "index": 17
  },
  {
    "name": "Require(14) node_modules/_egg@2.29.4@egg/config/config.default.js",
    "start": 1624862637374,
    "end": 1624862637374,
    "duration": 0,
    "pid": 9264,
    "index": 18
  },
  {
    "name": "Require(15) config/config.default.js",
    "start": 1624862637375,
    "end": 1624862637375,
    "duration": 0,
    "pid": 9264,
    "index": 19
  },
  {
    "name": "Require(16) node_modules/_egg-security@2.9.0@egg-security/config/config.local.js",
    "start": 1624862637376,
    "end": 1624862637376,
    "duration": 0,
    "pid": 9264,
    "index": 20
  },
  {
    "name": "Require(17) node_modules/_egg-watcher@3.1.1@egg-watcher/config/config.local.js",
    "start": 1624862637376,
    "end": 1624862637376,
    "duration": 0,
    "pid": 9264,
    "index": 21
  },
  {
    "name": "Require(18) node_modules/_egg-view@2.1.3@egg-view/config/config.local.js",
    "start": 1624862637377,
    "end": 1624862637377,
    "duration": 0,
    "pid": 9264,
    "index": 22
  },
  {
    "name": "Require(19) node_modules/_egg@2.29.4@egg/config/config.local.js",
    "start": 1624862637378,
    "end": 1624862637378,
    "duration": 0,
    "pid": 9264,
    "index": 23
  },
  {
    "name": "Load extend/application.js",
    "start": 1624862637379,
    "end": 1624862637390,
    "duration": 11,
    "pid": 9264,
    "index": 24
  },
  {
    "name": "Require(20) node_modules/_egg-session@3.3.0@egg-session/app/extend/application.js",
    "start": 1624862637379,
    "end": 1624862637382,
    "duration": 3,
    "pid": 9264,
    "index": 25
  },
  {
    "name": "Require(21) node_modules/_egg-security@2.9.0@egg-security/app/extend/application.js",
    "start": 1624862637382,
    "end": 1624862637383,
    "duration": 1,
    "pid": 9264,
    "index": 26
  },
  {
    "name": "Require(22) node_modules/_egg-jsonp@2.0.0@egg-jsonp/app/extend/application.js",
    "start": 1624862637383,
    "end": 1624862637384,
    "duration": 1,
    "pid": 9264,
    "index": 27
  },
  {
    "name": "Require(23) node_modules/_egg-logrotator@3.1.0@egg-logrotator/app/extend/application.js",
    "start": 1624862637385,
    "end": 1624862637387,
    "duration": 2,
    "pid": 9264,
    "index": 28
  },
  {
    "name": "Require(24) node_modules/_egg-view@2.1.3@egg-view/app/extend/application.js",
    "start": 1624862637387,
    "end": 1624862637388,
    "duration": 1,
    "pid": 9264,
    "index": 29
  },
  {
    "name": "Load extend/request.js",
    "start": 1624862637390,
    "end": 1624862637394,
    "duration": 4,
    "pid": 9264,
    "index": 30
  },
  {
    "name": "Require(25) node_modules/_egg@2.29.4@egg/app/extend/request.js",
    "start": 1624862637391,
    "end": 1624862637392,
    "duration": 1,
    "pid": 9264,
    "index": 31
  },
  {
    "name": "Load extend/response.js",
    "start": 1624862637394,
    "end": 1624862637398,
    "duration": 4,
    "pid": 9264,
    "index": 32
  },
  {
    "name": "Require(26) node_modules/_egg@2.29.4@egg/app/extend/response.js",
    "start": 1624862637395,
    "end": 1624862637396,
    "duration": 1,
    "pid": 9264,
    "index": 33
  },
  {
    "name": "Load extend/context.js",
    "start": 1624862637398,
    "end": 1624862637442,
    "duration": 44,
    "pid": 9264,
    "index": 34
  },
  {
    "name": "Require(27) node_modules/_egg-security@2.9.0@egg-security/app/extend/context.js",
    "start": 1624862637398,
    "end": 1624862637405,
    "duration": 7,
    "pid": 9264,
    "index": 35
  },
  {
    "name": "Require(28) node_modules/_egg-jsonp@2.0.0@egg-jsonp/app/extend/context.js",
    "start": 1624862637405,
    "end": 1624862637406,
    "duration": 1,
    "pid": 9264,
    "index": 36
  },
  {
    "name": "Require(29) node_modules/_egg-i18n@2.1.1@egg-i18n/app/extend/context.js",
    "start": 1624862637406,
    "end": 1624862637407,
    "duration": 1,
    "pid": 9264,
    "index": 37
  },
  {
    "name": "Require(30) node_modules/_egg-multipart@2.10.3@egg-multipart/app/extend/context.js",
    "start": 1624862637408,
    "end": 1624862637439,
    "duration": 31,
    "pid": 9264,
    "index": 38
  },
  {
    "name": "Require(31) node_modules/_egg-view@2.1.3@egg-view/app/extend/context.js",
    "start": 1624862637439,
    "end": 1624862637440,
    "duration": 1,
    "pid": 9264,
    "index": 39
  },
  {
    "name": "Require(32) node_modules/_egg@2.29.4@egg/app/extend/context.js",
    "start": 1624862637440,
    "end": 1624862637441,
    "duration": 1,
    "pid": 9264,
    "index": 40
  },
  {
    "name": "Load extend/helper.js",
    "start": 1624862637442,
    "end": 1624862637459,
    "duration": 17,
    "pid": 9264,
    "index": 41
  },
  {
    "name": "Require(33) node_modules/_egg-security@2.9.0@egg-security/app/extend/helper.js",
    "start": 1624862637442,
    "end": 1624862637456,
    "duration": 14,
    "pid": 9264,
    "index": 42
  },
  {
    "name": "Require(34) node_modules/_egg@2.29.4@egg/app/extend/helper.js",
    "start": 1624862637457,
    "end": 1624862637458,
    "duration": 1,
    "pid": 9264,
    "index": 43
  },
  {
    "name": "Load app.js",
    "start": 1624862637459,
    "end": 1624862637492,
    "duration": 33,
    "pid": 9264,
    "index": 44
  },
  {
    "name": "Require(35) node_modules/_egg-session@3.3.0@egg-session/app.js",
    "start": 1624862637459,
    "end": 1624862637460,
    "duration": 1,
    "pid": 9264,
    "index": 45
  },
  {
    "name": "Require(36) node_modules/_egg-security@2.9.0@egg-security/app.js",
    "start": 1624862637460,
    "end": 1624862637461,
    "duration": 1,
    "pid": 9264,
    "index": 46
  },
  {
    "name": "Require(37) node_modules/_egg-onerror@2.1.0@egg-onerror/app.js",
    "start": 1624862637462,
    "end": 1624862637470,
    "duration": 8,
    "pid": 9264,
    "index": 47
  },
  {
    "name": "Require(38) node_modules/_egg-i18n@2.1.1@egg-i18n/app.js",
    "start": 1624862637471,
    "end": 1624862637476,
    "duration": 5,
    "pid": 9264,
    "index": 48
  },
  {
    "name": "Require(39) node_modules/_egg-watcher@3.1.1@egg-watcher/app.js",
    "start": 1624862637477,
    "end": 1624862637479,
    "duration": 2,
    "pid": 9264,
    "index": 49
  },
  {
    "name": "Require(40) node_modules/_egg-schedule@3.6.6@egg-schedule/app.js",
    "start": 1624862637480,
    "end": 1624862637481,
    "duration": 1,
    "pid": 9264,
    "index": 50
  },
  {
    "name": "Require(41) node_modules/_egg-multipart@2.10.3@egg-multipart/app.js",
    "start": 1624862637481,
    "end": 1624862637482,
    "duration": 1,
    "pid": 9264,
    "index": 51
  },
  {
    "name": "Require(42) node_modules/_egg-development@2.7.0@egg-development/app.js",
    "start": 1624862637482,
    "end": 1624862637482,
    "duration": 0,
    "pid": 9264,
    "index": 52
  },
  {
    "name": "Require(43) node_modules/_egg-logrotator@3.1.0@egg-logrotator/app.js",
    "start": 1624862637483,
    "end": 1624862637483,
    "duration": 0,
    "pid": 9264,
    "index": 53
  },
  {
    "name": "Require(44) node_modules/_egg-static@2.2.0@egg-static/app.js",
    "start": 1624862637483,
    "end": 1624862637483,
    "duration": 0,
    "pid": 9264,
    "index": 54
  },
  {
    "name": "Require(45) node_modules/_egg-mysql@3.0.0@egg-mysql/app.js",
    "start": 1624862637484,
    "end": 1624862637492,
    "duration": 8,
    "pid": 9264,
    "index": 55
  },
  {
    "name": "Before Start in node_modules/_egg-watcher@3.1.1@egg-watcher/lib/init.js:15:14",
    "start": 1624862637499,
    "end": 1624862637703,
    "duration": 204,
    "pid": 9264,
    "index": 56
  },
  {
    "name": "Before Start in node_modules/_egg-mysql@3.0.0@egg-mysql/lib/mysql.js:20:7",
    "start": 1624862637575,
    "end": 1624862637705,
    "duration": 130,
    "pid": 9264,
    "index": 57
  },
  {
    "name": "Load Service",
    "start": 1624862637576,
    "end": 1624862637588,
    "duration": 12,
    "pid": 9264,
    "index": 58
  },
  {
    "name": "Load \"service\" to Context",
    "start": 1624862637576,
    "end": 1624862637588,
    "duration": 12,
    "pid": 9264,
    "index": 59
  },
  {
    "name": "Load Middleware",
    "start": 1624862637588,
    "end": 1624862637680,
    "duration": 92,
    "pid": 9264,
    "index": 60
  },
  {
    "name": "Load \"middlewares\" to Application",
    "start": 1624862637589,
    "end": 1624862637668,
    "duration": 79,
    "pid": 9264,
    "index": 61
  },
  {
    "name": "Load Controller",
    "start": 1624862637680,
    "end": 1624862637683,
    "duration": 3,
    "pid": 9264,
    "index": 62
  },
  {
    "name": "Load \"controller\" to Application",
    "start": 1624862637680,
    "end": 1624862637683,
    "duration": 3,
    "pid": 9264,
    "index": 63
  },
  {
    "name": "Load Router",
    "start": 1624862637683,
    "end": 1624862637684,
    "duration": 1,
    "pid": 9264,
    "index": 64
  },
  {
    "name": "Require(46) app/router.js",
    "start": 1624862637683,
    "end": 1624862637683,
    "duration": 0,
    "pid": 9264,
    "index": 65
  },
  {
    "name": "Before Start in node_modules/_egg-core@4.20.0@egg-core/lib/egg.js:303:10",
    "start": 1624862637683,
    "end": 1624862637694,
    "duration": 11,
    "pid": 9264,
    "index": 66
  }
]